Tow,Stow,Sstow,Unit,TypeOfCode,Zzz
TOW-01,STOW-01,SSTOW-01,m3,AAA01002026,60100101
TOW-01,STOW-01,SSTOW-02,m3,AAA0101012026,60114604
TOW-01,STOW-01,SSTOW-03,m3,AAA0101022026,60114403
TOW-01,STOW-01,SSTOW-04,m3,AAA0101032026,60114404
TOW-01,STOW-01,SSTOW-05,m3,AAA0101042026,60114405
TOW-01,STOW-01,SSTOW-06,m3,AAA0101052026,60114706
TOW-01,STOW-01,SSTOW-07,m3,AAA0101062026,60114705
TOW-01,STOW-01,SSTOW-08,m3,AAA0101072026,60114707
TOW-01,STOW-01,SSTOW-09,m3,AAA0101082026,
TOW-01,STOW-01,SSTOW-10,m3,AAA0101092026,60114503
TOW-01,STOW-01,SSTOW-11,m3,AAA0101102026,60114504
TOW-01,STOW-01,SSTOW-12,m3,AAA0101132026,060114503K
TOW-01,STOW-01,SSTOW-13,m3,AAA0101142026,060114504K
TOW-01,STOW-01,SSTOW-14,m3,AAA010109012026,60114505
TOW-01,STOW-01,SSTOW-15,m3,AAA010110012026,60114506
TOW-01,STOW-01,SSTOW-16,m3,AAA010113012026,060114505K
TOW-01,STOW-01,SSTOW-17,m3,AAA010114012026,060114506K
TOW-01,STOW-01,SSTOW-18,m3,AAA0101112026,110101101
TOW-01,STOW-01,SSTOW-19,m3,AAA0101122026,
TOW-01,STOW-01,SSTOW-20,m3,AAA0101152026,
TOW-01,STOW-01,SSTOW-21,m3,AAA0101162026,
TOW-01,STOW-01,SSTOW-22,m3,AAA0101172026,110100209
TOW-01,STOW-02,SSTOW-23,m3,AAA0101992026,
TOW-01,STOW-03,SSTOW-24,m3,AAA01022026,350147301
TOW-01,STOW-03,SSTOW-25,m3,AAA0102012026,420100802
TOW-01,STOW-03,SSTOW-26,m3,AAA0102022026,
TOW-01,STOW-04,SSTOW-27,m2,AAA0104012026,
TOW-01,STOW-04,SSTOW-28,m2,AAA0104022026,130600301
TOW-01,STOW-04,SSTOW-29,m2,AAA0104032026,
TOW-01,STOW-05,SSTOW-30,m,AAA01162026,
TOW-01,STOW-06,SSTOW-31,m3,AAA01172026,
TOW-01,STOW-07,SSTOW-32,pcs,AAA01192026,
TOW-01,STOW-08,SSTOW-33,pcs,AAA01182026,
TOW-01,STOW-09,SSTOW-34,m2,AAA01042026,
TOW-01,STOW-10,SSTOW-35,m2,AAA01052026,
TOW-01,STOW-11,SSTOW-36,m3,AAA01062026,
TOW-01,STOW-12,SSTOW-37,m2,AAA0107012026,
TOW-01,STOW-12,SSTOW-38,m2,AAA0107022026,
TOW-01,STOW-12,SSTOW-39,m2,AAA0107032026,
TOW-01,STOW-12,SSTOW-40,m2,AAA0107042026,
TOW-01,STOW-12,SSTOW-41,m2,AAA0107052026,
TOW-01,STOW-12,SSTOW-42,m2,AAA0107062026,
TOW-01,STOW-12,SSTOW-43,m2,AAA0107072026,
TOW-01,STOW-13,SSTOW-44,m2,AAA0108012026,
TOW-01,STOW-13,SSTOW-45,m2,AAA0108022026,
TOW-01,STOW-13,SSTOW-46,m2,AAA0108032026,
TOW-01,STOW-13,SSTOW-47,m2,AAA0108042026,
TOW-01,STOW-13,SSTOW-48,m2,AAA0108052026,
TOW-01,STOW-13,SSTOW-49,m2,AAA0108062026,
TOW-01,STOW-13,SSTOW-50,m2,AAA0108072026,
TOW-01,STOW-14,SSTOW-51,m2,AAA0109012026,
TOW-01,STOW-15,SSTOW-52,m2,AAA0109022026,
TOW-01,STOW-16,SSTOW-53,m3,AAA01102026,
TOW-01,STOW-17,SSTOW-54,m2,AAA01112026,
TOW-01,STOW-17,SSTOW-55,m2,AAA0111012026,
TOW-01,STOW-17,SSTOW-56,m2,AAA0111022026,
TOW-01,STOW-17,SSTOW-57,m2,AAA0111032026,
TOW-01,STOW-17,SSTOW-58,m2,AAA0111042026,
TOW-01,STOW-17,SSTOW-59,m2,AAA0111052026,
TOW-01,STOW-17,SSTOW-60,m2,AAA0111122026,
TOW-01,STOW-17,SSTOW-61,m2,AAA0111062026,
TOW-01,STOW-17,SSTOW-62,m2,AAA0111072026,
TOW-01,STOW-17,SSTOW-63,m2,AAA0111082026,
TOW-01,STOW-17,SSTOW-64,m2,AAA0111092026,
TOW-01,STOW-17,SSTOW-65,m2,AAA0111102026,
TOW-01,STOW-17,SSTOW-66,m2,AAA0111112026,
TOW-01,STOW-17,SSTOW-67,m2,AAA0111132026,
TOW-01,STOW-18,SSTOW-68,pcs,AAA01122026,
TOW-01,STOW-19,SSTOW-69,m3,AAA01132026,440206504
TOW-01,STOW-19,SSTOW-70,m3,AAA0113012026,
TOW-01,STOW-20,SSTOW-71,pcs,AAA01202026,
TOW-01,STOW-21,SSTOW-72,m3,AAA01212026,
TOW-01,STOW-22,SSTOW-73,m3,AAA01222026,370400108
TOW-02,STOW-23,SSTOW-74,t,AAA0201012026,60114602
TOW-02,STOW-23,SSTOW-75,t,AAA0201022026,60114502
TOW-02,STOW-23,SSTOW-76,t,AAA0201032026,
TOW-02,STOW-23,SSTOW-77,t,AAA0201042026,60114402
TOW-02,STOW-23,SSTOW-78,t,AAA0201052026,60114701
TOW-02,STOW-24,SSTOW-79,t,AAA0201062026,
TOW-02,STOW-23,SSTOW-80,t,AAA0201102026,
TOW-02,STOW-23,SSTOW-81,t,AAA0201112026,
TOW-02,STOW-23,SSTOW-82,t,AAA0201122026,
TOW-02,STOW-25,SSTOW-83,t,AAA02042026,
TOW-02,STOW-26,SSTOW-84,t,AAA0201072026,
TOW-02,STOW-27,SSTOW-85,pcs,AAA0205012026,
TOW-02,STOW-28,SSTOW-86,pcs,AAA0205022026,
TOW-02,STOW-29,SSTOW-87,pcs,AAA02062026,
TOW-02,STOW-30,SSTOW-88,pcs,AAA02112026,
TOW-02,STOW-31,SSTOW-89,pcs,AAA02072026,
TOW-02,STOW-32,SSTOW-90,t,AAA0208012026,370102701
TOW-02,STOW-32,SSTOW-91,t,AAA0208022026,370102702
TOW-02,STOW-32,SSTOW-92,t,AAA0208032026,370102703
TOW-02,STOW-33,SSTOW-93,t,AAA0208052026,60109201
TOW-02,STOW-33,SSTOW-94,t,AAA0208062026,60109202
TOW-02,STOW-33,SSTOW-95,t,AAA0208072026,60109203
TOW-02,STOW-33,SSTOW-96,t,AAA0208082026,60109204
TOW-02,STOW-33,SSTOW-97,t,AAA0208092026,60109205
TOW-02,STOW-33,SSTOW-98,t,AAA0208102026,
TOW-02,STOW-33,SSTOW-99,t,AAA0208112026,60109206
TOW-02,STOW-34,SSTOW-100,t,AAA0208042026,
TOW-02,STOW-23,SSTOW-101,t,AAA0210012026,
TOW-02,STOW-23,SSTOW-102,t,AAA0201082026,
TOW-02,STOW-23,SSTOW-103,t,AAA0201092026,
TOW-02,STOW-35,SSTOW-104,t,AAA02092026,
TOW-02,STOW-36,SSTOW-105,m2,AAA02102026,270600901
TOW-03,STOW-37,SSTOW-106,t,AAA0301012026,90201903
TOW-03,STOW-38,SSTOW-107,t,AAA0301022026,90303001
TOW-03,STOW-37,SSTOW-108,t,AAA0301032026,90201802
TOW-03,STOW-37,SSTOW-109,t,AAA0301042026,90300211
TOW-03,STOW-37,SSTOW-110,t,AAA0301052026,90300212
TOW-03,STOW-37,SSTOW-111,t,AAA0301062026,90301201
TOW-03,STOW-37,SSTOW-112,t,AAA030106012026,90301203
TOW-03,STOW-37,SSTOW-113,t,AAA0301072026,90301401
TOW-03,STOW-37,SSTOW-114,t,AAA0301082026,90301402
TOW-03,STOW-37,SSTOW-115,t,AAA0301092026,90301501
TOW-03,STOW-37,SSTOW-116,t,AAA0301132026,90301502
TOW-03,STOW-37,SSTOW-117,t,AAA0301122026,90301302
TOW-03,STOW-39,SSTOW-118,t,AAA0302012026,
TOW-03,STOW-38,SSTOW-119,t,AAA0301102026,90303901
TOW-03,STOW-37,SSTOW-120,t,AAA0301112026,90100602
TOW-03,STOW-40,SSTOW-121,t,AAA03042026,220101112
TOW-03,STOW-40,SSTOW-122,t,AAA0304012026,390100401
TOW-03,STOW-40,SSTOW-123,m,AAA030401022026,
TOW-03,STOW-40,SSTOW-124,t,AAA0304022026,60101506
TOW-03,STOW-38,SSTOW-125,t,AAA03052026,
TOW-03,STOW-41,SSTOW-126,t,AAA0306012026,
TOW-03,STOW-41,SSTOW-127,pcs,AAA0306022026,
TOW-03,STOW-41,SSTOW-128,pcs,AAA0306032026,
TOW-03,STOW-41,SSTOW-129,t,AAA0306052026,
TOW-03,STOW-42,SSTOW-130,t,AAA0307012026,90700401
TOW-03,STOW-42,SSTOW-131,t,AAA0307022026,90700402
TOW-03,STOW-42,SSTOW-132,t,AAA0307032026,
TOW-03,STOW-42,SSTOW-133,t,AAA0307042026,90700301
TOW-03,STOW-43,SSTOW-134,pcs,AAA03082026,
TOW-03,STOW-44,SSTOW-135,t,AAA03132026,
TOW-03,STOW-45,SSTOW-136,m2,AAA03092026,
TOW-03,STOW-46,SSTOW-137,m2,AAA03102026,
TOW-03,STOW-47,SSTOW-138,m2,AAA03112026,
TOW-03,STOW-38,SSTOW-139,t,AAA03122026,
TOW-03,STOW-38,SSTOW-140,t,AAA0312012026,90302901
TOW-03,STOW-48,SSTOW-141,t,AAA03142026,
TOW-03,STOW-49,SSTOW-142,t,AAA03022026,
TOW-03,STOW-50,SSTOW-143,t,AAA03992026,
TOW-03,STOW-51,SSTOW-144,t,AAA0303012026,60101507
TOW-03,STOW-51,SSTOW-145,t,AAA0303022026,60101508
TOW-03,STOW-51,SSTOW-146,t,AAA0303072026,60101508
TOW-03,STOW-51,SSTOW-147,t,AAA0303032026,60101509
TOW-03,STOW-51,SSTOW-148,t,AAA0303082026,60101509
TOW-03,STOW-51,SSTOW-149,t,AAA0303132026,
TOW-03,STOW-51,SSTOW-150,t,AAA0303142026,
TOW-03,STOW-51,SSTOW-151,t,AAA0303152026,
TOW-03,STOW-51,SSTOW-152,t,AAA0303162026,
TOW-03,STOW-51,SSTOW-153,t,AAA0303172026,
TOW-03,STOW-52,SSTOW-154,t,AAA0303042026,
TOW-03,STOW-52,SSTOW-155,t,AAA0303052026,
TOW-03,STOW-52,SSTOW-156,t,AAA0303092026,
TOW-03,STOW-52,SSTOW-157,t,AAA0303062026,
TOW-03,STOW-52,SSTOW-158,t,AAA0303102026,
TOW-03,STOW-53,SSTOW-159,t,AAA0303112026,
TOW-03,STOW-54,SSTOW-160,t,AAA0303122026,
TOW-04,STOW-55,SSTOW-161,m3,AAA04012026,10101204
TOW-04,STOW-56,SSTOW-162,m3,AAA04022026,
TOW-04,STOW-57,SSTOW-163,m3,AAA04142026,10205701
TOW-04,STOW-58,SSTOW-164,m3,AAA04032026,
TOW-04,STOW-59,SSTOW-165,m3,AAA04042026,
TOW-04,STOW-60,SSTOW-166,m3,AAA0405012026,60107002
TOW-04,STOW-60,SSTOW-167,m3,AAA0405022026,10103702
TOW-04,STOW-60,SSTOW-168,m3,AAA0405032026,10104603
TOW-04,STOW-60,SSTOW-169,m3,AAA0405042026,10104401
TOW-04,STOW-61,SSTOW-170,m3,AAA04062026,
TOW-04,STOW-62,SSTOW-171,m3,AAA04132026,10206102
TOW-04,STOW-63,SSTOW-172,m3,AAA04072026,
TOW-04,STOW-64,SSTOW-173,m3,AAA0408012026,10200105
TOW-04,STOW-64,SSTOW-174,m3,AAA0408022026,10200502
TOW-04,STOW-65,SSTOW-175,m3,AAA04092026,
TOW-04,STOW-66,SSTOW-176,m2,AAA0412012026,
TOW-04,STOW-67,SSTOW-177,m2,AAA0412022026,
TOW-04,STOW-68,SSTOW-178,m2,AAA0412032026,
TOW-04,STOW-69,SSTOW-179,m2,AAA0412042026,
TOW-04,STOW-70,SSTOW-180,m3,AAA04162026,
TOW-04,STOW-71,SSTOW-181,m2,AAA04152026,10202703
TOW-04,STOW-71,SSTOW-182,m2,AAA0415012026,10110902
TOW-04,STOW-72,SSTOW-183,m3,AAA04172026,380201311
TOW-04,STOW-73,SSTOW-184,m3,AAA04182026,230100102
TOW-04,STOW-74,SSTOW-185,m3,AAA04192026,10209401
TOW-05,STOW-75,SSTOW-186,m3,AAA05012026,
TOW-05,STOW-76,SSTOW-187,m,AAA05022026,
TOW-05,STOW-77,SSTOW-188,pcs,AAA05032026,
TOW-05,STOW-78,SSTOW-189,m3,AAA05042026,
TOW-05,STOW-79,SSTOW-190,m3,AAA05052026,
TOW-05,STOW-80,SSTOW-191,t,AAA05072026,
TOW-06,STOW-81,SSTOW-192,m3,AAA06012026,
TOW-06,STOW-82,SSTOW-193,m2,AAA06022026,270401604
TOW-06,STOW-83,SSTOW-194,m2,AAA06032026,27 0602006
TOW-06,STOW-84,SSTOW-195,pcs,AAA06042026,
TOW-06,STOW-85,SSTOW-196,pcs,AAA06052026,270900801
TOW-06,STOW-86,SSTOW-197,m2,AAA06112026,270600217
TOW-06,STOW-86,SSTOW-198,m3,AAA06122026,10101504
TOW-06,STOW-87,SSTOW-199,m,AAA06132026,270900205
TOW-07,STOW-88,SSTOW-200,m,AAA0606012026,
TOW-07,STOW-88,SSTOW-201,m,AAA0606022026,
TOW-07,STOW-88,SSTOW-202,m,AAA0606032026,
TOW-07,STOW-88,SSTOW-203,m,AAA0606042026,
TOW-07,STOW-88,SSTOW-204,m,AAA0606052026,
TOW-07,STOW-88,SSTOW-205,m,AAA0606062026,
TOW-07,STOW-88,SSTOW-206,m,AAA0606072026,
TOW-07,STOW-88,SSTOW-207,m,AAA0606082026,
TOW-07,STOW-88,SSTOW-208,m,AAA0607012026,
TOW-07,STOW-88,SSTOW-209,m,AAA0607022026,
TOW-07,STOW-88,SSTOW-210,m,AAA0607032026,
TOW-07,STOW-88,SSTOW-211,m,AAA0607042026,
TOW-07,STOW-88,SSTOW-212,m,AAA0607052026,
TOW-07,STOW-88,SSTOW-213,m,AAA0607062026,
TOW-07,STOW-88,SSTOW-214,m,AAA0607072026,
TOW-07,STOW-88,SSTOW-215,m,AAA0607082026,
TOW-07,STOW-88,SSTOW-216,m,AAA0607092026,
TOW-07,STOW-88,SSTOW-217,m,AAA0607102026,
TOW-07,STOW-88,SSTOW-218,m,AAA0607112026,
TOW-07,STOW-88,SSTOW-219,m,AAA0607122026,
TOW-07,STOW-88,SSTOW-220,m,AAA0607132026,
TOW-07,STOW-88,SSTOW-221,m,AAA0607142026,
TOW-07,STOW-88,SSTOW-222,m,AAA0608012026,
TOW-07,STOW-88,SSTOW-223,m,AAA0608022026,
TOW-07,STOW-88,SSTOW-224,m,AAA0608032026,
TOW-07,STOW-88,SSTOW-225,m,AAA0608042026,
TOW-07,STOW-88,SSTOW-226,m,AAA0608052026,
TOW-07,STOW-88,SSTOW-227,m,AAA0608062026,
TOW-07,STOW-88,SSTOW-228,m,AAA0608072026,
TOW-07,STOW-88,SSTOW-229,m,AAA0608082026,
TOW-07,STOW-88,SSTOW-230,m,AAA0608092026,
TOW-07,STOW-88,SSTOW-231,m,AAA0608102026,
TOW-07,STOW-88,SSTOW-232,m,AAA0608112026,
TOW-07,STOW-88,SSTOW-233,m,AAA0608122026,
TOW-07,STOW-88,SSTOW-234,m,AAA0608132026,
TOW-07,STOW-88,SSTOW-235,m,AAA0608142026,
TOW-07,STOW-88,SSTOW-236,m,AAA0608152026,
TOW-07,STOW-88,SSTOW-237,m,AAA0608162026,
TOW-07,STOW-88,SSTOW-238,m,AAA0608172026,
TOW-07,STOW-88,SSTOW-239,m,AAA0608182026,
TOW-07,STOW-88,SSTOW-240,m,AAA0608192026,
TOW-07,STOW-88,SSTOW-241,m,AAA0608202026,
TOW-07,STOW-88,SSTOW-242,m,AAA0608212026,
TOW-07,STOW-88,SSTOW-243,m,AAA0608222026,
TOW-07,STOW-88,SSTOW-244,m,AAA0608232026,
TOW-07,STOW-88,SSTOW-245,m3,AAA06192026,270400101
TOW-07,STOW-89,SSTOW-246,pcs,AAA06172026,220300501
TOW-07,STOW-89,SSTOW-247,t,AAA06182026,220300105
TOW-07,STOW-89,SSTOW-248,pcs,AAA0618012026,220300202
TOW-07,STOW-89,SSTOW-249,pcs,AAA0618022026,220300201
TOW-07,STOW-90,SSTOW-250,t,AAA06202026,
TOW-07,STOW-91,SSTOW-251,m3,AAA06102026,
TOW-08,STOW-92,SSTOW-252,m2,AAA07012026,260105703
TOW-08,STOW-93,SSTOW-253,m2,AAA07022026,80100307
TOW-08,STOW-94,SSTOW-254,m2,AAA0702012026,130300102
TOW-08,STOW-95,SSTOW-255,m2,AAA07132026,130300601
TOW-08,STOW-96,SSTOW-256,m2,AAA07032026,
TOW-08,STOW-97,SSTOW-257,m2,AAA07042026,120102101
TOW-08,STOW-97,SSTOW-258,m2,AAA0704012026,
TOW-08,STOW-97,SSTOW-259,m2,AAA0704022026,
TOW-08,STOW-97,SSTOW-260,m2,AAA0704032026,
TOW-08,STOW-97,SSTOW-261,m2,AAA0704042026,
TOW-08,STOW-98,SSTOW-262,m,AAA07052026,
TOW-08,STOW-99,SSTOW-263,m2,AAA07062026,
TOW-08,STOW-100,SSTOW-264,m2,AAA07072026,
TOW-08,STOW-101,SSTOW-265,m2,AAA07082026,
TOW-08,STOW-102,SSTOW-266,m2,AAA0701012026,
TOW-08,STOW-103,SSTOW-267,m2,AAA07092026,130300601
TOW-08,STOW-104,SSTOW-268,m,AAA07102026,
TOW-08,STOW-105,SSTOW-269,m2,AAA07112026,
TOW-08,STOW-106,SSTOW-270,m3,AAA07122026,
TOW-09,STOW-107,SSTOW-271,m2,AAA08012026,
TOW-09,STOW-108,SSTOW-272,m2,AAA08182026,
TOW-09,STOW-109,SSTOW-273,m,AAA08192026,
TOW-09,STOW-110,SSTOW-274,m2,AAA08022026,
TOW-09,STOW-111,SSTOW-275,m2,AAA08032026,
TOW-09,STOW-112,SSTOW-276,m2,AAA08042026,
TOW-09,STOW-113,SSTOW-277,m2,AAA08052026,
TOW-09,STOW-114,SSTOW-278,m2,AAA08062026,
TOW-09,STOW-114,SSTOW-279,m2,AAA08152026,150201903
TOW-09,STOW-114,SSTOW-280,m2,AAA08162026,
TOW-09,STOW-115,SSTOW-281,m,AAA08172026,
TOW-09,STOW-116,SSTOW-282,m2,AAA0807012026,150400701
TOW-09,STOW-116,SSTOW-283,m2,AAA0807022026,150400701
TOW-09,STOW-116,SSTOW-284,m2,AAA0807032026,150400701
TOW-09,STOW-116,SSTOW-285,m2,AAA0807042026,150400701
TOW-09,STOW-117,SSTOW-286,m2,AAA08082026,
TOW-09,STOW-118,SSTOW-287,m3,AAA08092026,
TOW-09,STOW-119,SSTOW-288,m3,AAA0809012026,
TOW-09,STOW-120,SSTOW-289,pcs,AAA08102026,
TOW-09,STOW-121,SSTOW-290,pcs,AAA08112026,
TOW-10,STOW-122,SSTOW-291,m2,AAA12012026,
TOW-10,STOW-122,SSTOW-292,m,AAA1201012026,
TOW-10,STOW-122,SSTOW-293,m2,AAA1201022026,
TOW-10,STOW-122,SSTOW-294,m2,AAA1201032026,
TOW-10,STOW-123,SSTOW-295,m2,AAA12022026,
TOW-10,STOW-124,SSTOW-296,m2,AAA12032026,
TOW-11,STOW-125,SSTOW-297,-,AAA08142026,
TOW-11,STOW-126,SSTOW-298,m,AAA08202026,270201001
TOW-11,STOW-127,SSTOW-299,m2,AAA08212026,
TOW-11,STOW-128,SSTOW-300,m,AAA08222026,
TOW-11,STOW-129,SSTOW-301,m2,AAA08232026,
TOW-12,STOW-130,SSTOW-302,pcs,AAA09012026,
TOW-12,STOW-130,SSTOW-303,pcs,AAA09022026,
TOW-12,STOW-130,SSTOW-304,m,AAA09032026,
TOW-12,STOW-130,SSTOW-305,pcs,AAA09042026,
TOW-12,STOW-130,SSTOW-306,m,AAA09052026,
TOW-12,STOW-130,SSTOW-307,set,AAA09442026,
TOW-12,STOW-130,SSTOW-308,set,AAA09452026,
TOW-12,STOW-131,SSTOW-309,pcs,AAA09062026,
TOW-12,STOW-131,SSTOW-310,m,AAA09072026,1604002
TOW-12,STOW-131,SSTOW-311,pcs,AAA0907012026,
TOW-12,STOW-131,SSTOW-312,m2,AAA0907022026,
TOW-12,STOW-131,SSTOW-313,m,AAA0907032026,
TOW-12,STOW-131,SSTOW-314,m,AAA0907042026,
TOW-12,STOW-131,SSTOW-315,m,AAA0907052026,
TOW-12,STOW-131,SSTOW-316,m,AAA0907062026,
TOW-12,STOW-131,SSTOW-317,m,AAA0907072026,
TOW-12,STOW-131,SSTOW-318,m,AAA0907082026,
TOW-12,STOW-131,SSTOW-319,pcs,AAA09082026,
TOW-12,STOW-131,SSTOW-320,pcs,AAA09092026,
TOW-12,STOW-131,SSTOW-321,m,AAA09102026,1602005
TOW-12,STOW-131,SSTOW-322,t,AAA0910012026,1602005
TOW-12,STOW-131,SSTOW-323,pcs,AAA09112026,
TOW-12,STOW-131,SSTOW-324,pcs,AAA09122026,160800102
TOW-12,STOW-131,SSTOW-325,m,AAA09132026,
TOW-12,STOW-131,SSTOW-326,pcs,AAA09142026,
TOW-12,STOW-131,SSTOW-327,set,AAA09352026,
TOW-12,STOW-131,SSTOW-328,set,AAA09362026,
TOW-12,STOW-132,SSTOW-329,pcs,AAA09462026,
TOW-12,STOW-132,SSTOW-330,pcs,AAA09472026,
TOW-12,STOW-132,SSTOW-331,m,AAA09482026,
TOW-12,STOW-132,SSTOW-332,m,AAA09492026,
TOW-12,STOW-132,SSTOW-333,set,AAA09502026,
TOW-12,STOW-132,SSTOW-334,set,AAA09512026,
TOW-12,STOW-133,SSTOW-335,m,AAA09152026,1604002
TOW-12,STOW-133,SSTOW-336,m,AAA09162026,
TOW-12,STOW-133,SSTOW-337,pcs,AAA09172026,
TOW-12,STOW-133,SSTOW-338,m,AAA09182026,
TOW-12,STOW-133,SSTOW-339,pcs,AAA09192026,
TOW-12,STOW-133,SSTOW-340,pcs,AAA09202026,
TOW-12,STOW-133,SSTOW-341,pcs,AAA09212026,
TOW-12,STOW-133,SSTOW-342,set,AAA09372026,
TOW-12,STOW-133,SSTOW-343,set,AAA09382026,
TOW-12,STOW-134,SSTOW-344,m2,AAA09222026,
TOW-12,STOW-134,SSTOW-345,pcs,AAA09232026,
TOW-12,STOW-134,SSTOW-346,pcs,AAA09242026,
TOW-12,STOW-134,SSTOW-347,pcs,AAA09252026,
TOW-12,STOW-134,SSTOW-348,pcs,AAA09262026,
TOW-12,STOW-134,SSTOW-349,set,AAA09272026,
TOW-12,STOW-134,SSTOW-350,m2,AAA09282026,
TOW-12,STOW-134,SSTOW-351,m2,AAA09292026,
TOW-12,STOW-134,SSTOW-352,pcs,AAA09302026,
TOW-12,STOW-134,SSTOW-353,m,AAA09312026,
TOW-12,STOW-134,SSTOW-354,pcs,AAA09322026,
TOW-12,STOW-134,SSTOW-355,set,AAA09392026,
TOW-12,STOW-134,SSTOW-356,set,AAA09402026,
TOW-12,STOW-135,SSTOW-357,m,AAA09412026,
TOW-12,STOW-135,SSTOW-358,set,AAA09332026,
TOW-12,STOW-135,SSTOW-359,pcs,AAA09342026,
TOW-12,STOW-135,SSTOW-360,set,AAA09422026,
TOW-12,STOW-135,SSTOW-361,set,AAA09432026,
TOW-12,STOW-136,SSTOW-362,-,AAA09982026,
TOW-12,STOW-136,SSTOW-363,m2,AAA0998012026,
TOW-12,STOW-136,SSTOW-364,m2,AAA0998022026,
TOW-12,STOW-136,SSTOW-365,pcs,AAA0998032026,
TOW-12,STOW-136,SSTOW-366,pcs,AAA0998042026,
TOW-12,STOW-137,SSTOW-367,-,AAA09992026,
TOW-13,STOW-138,SSTOW-368,m,AAA10012026,80474401
TOW-13,STOW-138,SSTOW-369,pcs,AAA10022026,
TOW-13,STOW-138,SSTOW-370,pcs,AAA10032026,
TOW-13,STOW-138,SSTOW-371,pcs,AAA10042026,80357204
TOW-13,STOW-138,SSTOW-372,m,AAA10052026,
TOW-13,STOW-138,SSTOW-373,m,AAA10062026,
TOW-13,STOW-138,SSTOW-374,set,AAA10252026,
TOW-13,STOW-138,SSTOW-375,set,AAA10262026,
TOW-13,STOW-138,SSTOW-376,m,AAA10402026,
TOW-13,STOW-139,SSTOW-377,pcs,AAA10072026,
TOW-13,STOW-139,SSTOW-378,pcs,AAA10082026,80357204
TOW-13,STOW-139,SSTOW-379,pcs,AAA10092026,80359110
TOW-13,STOW-139,SSTOW-380,m,AAA10102026,80474401
TOW-13,STOW-139,SSTOW-381,pcs,AAA10112026,
TOW-13,STOW-139,SSTOW-382,set,AAA10272026,
TOW-13,STOW-139,SSTOW-383,set,AAA10282026,
TOW-13,STOW-140,SSTOW-384,m,AAA10122026,
TOW-13,STOW-140,SSTOW-385,pcs,AAA10132026,
TOW-13,STOW-140,SSTOW-386,pcs,AAA10142026,
TOW-13,STOW-140,SSTOW-387,pcs,AAA10292026,
TOW-13,STOW-140,SSTOW-388,set,AAA10302026,
TOW-13,STOW-140,SSTOW-389,set,AAA10312026,
TOW-13,STOW-141,SSTOW-390,m,AAA10152026,
TOW-13,STOW-141,SSTOW-391,pcs,AAA10162026,
TOW-13,STOW-141,SSTOW-392,pcs,AAA10172026,
TOW-13,STOW-141,SSTOW-393,set,AAA10322026,
TOW-13,STOW-141,SSTOW-394,set,AAA10332026,
TOW-13,STOW-141,SSTOW-395,pcs,AAA10342026,
TOW-13,STOW-142,SSTOW-396,m,AAA10182026,80474401
TOW-13,STOW-142,SSTOW-397,pcs,AAA10192026,
TOW-13,STOW-142,SSTOW-398,pcs,AAA10352026,
TOW-13,STOW-142,SSTOW-399,pcs,AAA10202026,
TOW-13,STOW-142,SSTOW-400,set,AAA10362026,
TOW-13,STOW-142,SSTOW-401,set,AAA10372026,
TOW-13,STOW-143,SSTOW-402,pcs,AAA10222026,
TOW-13,STOW-143,SSTOW-403,m,AAA10232026,
TOW-13,STOW-143,SSTOW-404,set,AAA10242026,
TOW-13,STOW-143,SSTOW-405,set,AAA10382026,
TOW-13,STOW-143,SSTOW-406,set,AAA10392026,
TOW-13,STOW-144,SSTOW-407,-,AAA10992026,
TOW-14,STOW-145,SSTOW-408,-,AAA11012026,
TOW-14,STOW-145,SSTOW-409,pcs,AAA11022026,
TOW-14,STOW-145,SSTOW-410,m2,AAA11032026,
TOW-15,STOW-146,SSTOW-411,-,AAA20012026,
TOW-15,STOW-147,SSTOW-412,-,AAA20022026,
TOW-15,STOW-148,SSTOW-413,-,AAA20062026,
TOW-15,STOW-149,SSTOW-414,-,AAA20052026,
TOW-16,STOW-150,SSTOW-415,t,AAA20032026,
TOW-16,STOW-151,SSTOW-416,-,AAA20072026,
TOW-16,STOW-152,SSTOW-417,t,AAA20042026,
TOW-16,STOW-152,SSTOW-418,t,AAA2004012026,
TOW-16,STOW-152,SSTOW-419,t,AAA2004022026,
TOW-16,STOW-152,SSTOW-420,t,AAA2004082026,
TOW-16,STOW-152,SSTOW-421,t,AAA2004092026,
TOW-16,STOW-152,SSTOW-422,t,AAA2004102026,
TOW-16,STOW-152,SSTOW-423,t,AAA2004112026,
TOW-16,STOW-152,SSTOW-424,t,AAA2004122026,
TOW-16,STOW-152,SSTOW-425,t,AAA2004032026,
TOW-16,STOW-152,SSTOW-426,t,AAA2004042026,
TOW-16,STOW-152,SSTOW-427,t,AAA2004132026,
TOW-16,STOW-152,SSTOW-428,t,AAA2004142026,
TOW-16,STOW-152,SSTOW-429,t,AAA2004152026,
TOW-16,STOW-152,SSTOW-430,t,AAA2004162026,
TOW-16,STOW-152,SSTOW-431,t,AAA2004172026,
TOW-16,STOW-152,SSTOW-432,t,AAA2004052026,
TOW-16,STOW-152,SSTOW-433,t,AAA2004062026,
TOW-16,STOW-152,SSTOW-434,t,AAA2004182026,
TOW-16,STOW-152,SSTOW-435,t,AAA2004192026,
TOW-16,STOW-152,SSTOW-436,t,AAA2004202026,
TOW-16,STOW-152,SSTOW-437,t,AAA2004212026,
TOW-16,STOW-152,SSTOW-438,t,AAA2004222026,
TOW-16,STOW-152,SSTOW-439,t,AAA2004072026,
TOW-16,STOW-152,SSTOW-440,t,AAA2004232026,
TOW-16,STOW-152,SSTOW-441,t,AAA2004242026,
TOW-16,STOW-152,SSTOW-442,t,AAA2004252026,
TOW-16,STOW-152,SSTOW-443,t,AAA2004262026,
TOW-16,STOW-152,SSTOW-444,t,AAA2004272026,
TOW-16,STOW-153,SSTOW-445,t,AAA2004282026,
TOW-17,STOW-154,SSTOW-446,t,AAA9001012026,
TOW-17,STOW-154,SSTOW-447,t,AAA9001022026,
TOW-17,STOW-154,SSTOW-448,t,AAA9001032026,
TOW-17,STOW-154,SSTOW-449,t,AAA9001042026,
TOW-17,STOW-154,SSTOW-450,t,AAA9001052026,
TOW-17,STOW-154,SSTOW-451,t,AAA9001062026,
TOW-17,STOW-154,SSTOW-452,t,AAA9001072026,
TOW-17,STOW-154,SSTOW-453,m2,AAA9001082026,
TOW-17,STOW-154,SSTOW-454,m2,AAA9001092026,
TOW-17,STOW-155,SSTOW-455,m3,AAA90022026,
TOW-18,STOW-156,SSTOW-456,-,AAA91012026,
TOW-18,STOW-157,SSTOW-457,-,AAA91022026,
TOW-18,STOW-158,SSTOW-458,-,AAA91032026,
TOW-18,STOW-159,SSTOW-459,-,AAA91042026,
TOW-18,STOW-160,SSTOW-460,-,AAA91052026,
TOW-18,STOW-161,SSTOW-461,-,AAA91062026,
TOW-19,STOW-162,SSTOW-462,-,AAA92012026,
TOW-19,STOW-163,SSTOW-463,m3,AAA92022026,
TOW-19,STOW-164,SSTOW-464,-,AAA92042026,
TOW-19,STOW-165,SSTOW-465,t,AAA92052026,
TOW-19,STOW-166,SSTOW-466,-,AAA9204012026,
TOW-20,STOW-167,SSTOW-467,-,AAA92032026,
TOW-21,STOW-168,SSTOW-468,-,AAA93012026,
TOW-21,STOW-169,SSTOW-469,-,AAA93022026,
TOW-21,STOW-170,SSTOW-470,-,AAA93032026,
TOW-21,STOW-171,SSTOW-471,-,AAA93042026,
TOW-21,STOW-172,SSTOW-472,-,AAA93052026,
TOW-22,STOW-173,SSTOW-473,-,AAA9405012026,
TOW-22,STOW-173,SSTOW-474,-,AAA9405022026,
TOW-22,STOW-174,SSTOW-475,-,AAA9405032026,
TOW-22,STOW-175,SSTOW-476,-,AAA9405042026,
TOW-22,STOW-176,SSTOW-477,-,AAA9405052026,
TOW-22,STOW-176,SSTOW-478,-,AAA9405062026,
TOW-22,STOW-176,SSTOW-479,-,AAA9405072026,
TOW-22,STOW-177,SSTOW-480,-,AAA9405082026,
TOW-22,STOW-177,SSTOW-481,-,AAA9405092026,
TOW-22,STOW-178,SSTOW-482,-,AAA9405102026,
